text,label
"Terrible quality. Broke after one day. Would not recommend.",negative
"The delivery was fast and the item works as expected.",positive
"Customer service was unhelpful and rude. Very disappointed.",negative
"Good value for money. Does what it's supposed to do.",positive
"Packaging was damaged and product had scratches. Poor handling.",negative
"Love this! Exactly what I was looking for. Will buy again.",positive
"Instructions were unclear and setup was confusing.",negative
"Great quality and fast shipping. Very satisfied with purchase.",positive
"Product doesn't match the description. Feels cheap and flimsy.",negative
"Excellent customer support helped me with my questions quickly.",positive
"Overpriced for what you get. Found better alternatives elsewhere.",negative
"Works perfectly! Easy to use and great design.",positive
"Had issues with the product from day one. Multiple defects.",negative
"Fast delivery and product exceeded my expectations.",positive
"Website was difficult to navigate. Ordering process was confusing.",negative
"This has made my life so much easier. Highly recommend!",positive
"Product stopped working after two weeks. Very unreliable.",negative
"Beautiful design and excellent build quality. Worth the price.",positive
"Return process was complicated and took too long.",negative
"Perfect for my needs. Does exactly what was advertised.",positive
"Customer service took forever to respond to my complaint.",negative
"Outstanding product! Can't imagine life without it now.",positive
"Arrived late and was missing parts. Very frustrating experience.",negative
"Simple to install and works great. Good instructions included.",positive
"Poor quality control. Multiple items arrived damaged.",negative
"Fantastic value! Much better than similar products I've tried.",positive
"Misleading product photos. Actual item looks very different.",negative
"Quick delivery and product works as described. Happy customer.",positive
"Difficult to return defective item. Poor return policy.",negative
"Impressive quality and attention to detail. Very pleased.",positive
"Product failed after minimal use. Not durable at all.",negative
"Great experience from start to finish. Will shop here again.",positive
"Hidden fees during checkout. Final price much higher than expected.",negative
"User-friendly design and excellent performance. Highly satisfied.",positive
"Product description was inaccurate. Not what I ordered.",negative
"Top-notch quality and excellent customer service throughout.",positive
"Cheap materials used. Product feels like it will break easily.",negative
"Exceeded expectations in every way. Outstanding purchase.",positive
"Shipping was delayed multiple times with no communication.",negative
"Perfect fit and finish. Exactly as shown in pictures.",positive
"Received wrong item and exchange process was a nightmare.",negative
"Brilliant product design. Solves my problem perfectly.",positive
"Expensive for such poor quality. Not worth the money.",negative
"Smooth ordering process and prompt delivery. Very professional.",positive
"Product arrived broken and customer service was unhelpful.",negative
"Innovative features and excellent build quality. Love it!",positive
"False advertising. Product capabilities were greatly exaggerated.",negative
"Reliable performance and great value. Would definitely recommend.",positive
"Quality has declined significantly from previous versions.",negative
"Intuitive interface and powerful features. Exactly what I needed.",positive
"Multiple attempts to contact support with no response.",negative
"This product is absolutely amazing! Best purchase I've ever made.",positive
"Completely disappointed with this item. Waste of money.",negative
"Outstanding quality and fast shipping. Highly recommend!",positive
"Product broke after just one use. Very poor quality.",negative
"Exceeded all my expectations. Will definitely buy again.",positive
"Terrible customer service and defective product.",negative
"Love everything about this! Perfect for my needs.",positive
"Arrived damaged and doesn't work as described.",negative
"Fantastic value for money. Great product overall.",positive
"Cheaply made and fell apart immediately.",negative
"Best product I've bought in years. Five stars!",positive
"Complete garbage. Don't waste your time or money.",negative
"Excellent build quality and works perfectly.",positive
"Worst purchase ever. Regret buying this.",negative
"Amazing features and user-friendly design.",positive
"Product description was misleading. Very disappointed.",negative
"Top-notch quality and excellent performance.",positive
"Broke within a week. Poor manufacturing quality.",negative
"Incredible product that works exactly as advertised.",positive
"Overpriced for what you get. Not worth it.",negative
"Superb craftsmanship and attention to detail.",positive
"Flimsy construction and poor materials used.",negative
"Outstanding customer service and fast delivery.",positive
"Product doesn't match the photos. False advertising.",negative
"Perfect solution for my problem. Highly satisfied!",positive
"Awful quality control. Mine came broken.",negative
"Brilliant design and excellent functionality.",positive
"Stopped working after two days. Unreliable product.",negative
"Great product at an unbeatable price point.",positive
"Terrible build quality and poor performance.",negative
"Absolutely love this purchase! Money well spent.",positive
"Complete waste of money. Save yourself the trouble.",negative
"Impressive quality and works better than expected.",positive
"Product feels cheap and poorly constructed.",negative
"Fantastic product that delivers on all promises.",positive
"Doesn't work as advertised. Very disappointing.",negative
"Excellent value and superior performance.",positive
"Worst quality I've ever seen. Avoid at all costs.",negative
"Amazing product with outstanding features.",positive
"Broke immediately upon opening. Poor packaging too.",negative
"Best investment I've made in a long time.",positive
"Completely useless product. Total disappointment.",negative
"Superb quality and exceeds all expectations.",positive
"Cheap plastic that feels like it will break easily.",negative
"Perfect product for the price. Highly recommend!",positive
"Product arrived late and was damaged.",negative
"Outstanding performance and great build quality.",positive
"Terrible design and poor functionality.",negative
"Love the durability and excellent craftsmanship.",positive
"Product stopped working within hours. Defective.",negative
"Incredible value and top-tier performance.",positive
"Overpriced junk that doesn't work properly.",negative
"Brilliant product that works flawlessly.",positive
"Poor quality materials and shoddy workmanship.",negative
"Excellent purchase that I'm very happy with.",positive
"Product description was completely inaccurate.",negative
"Amazing quality at such an affordable price.",positive
"Worst customer experience I've ever had.",negative
"Perfect product that meets all my needs.",positive
"Cheap knockoff that breaks easily.",negative
"Outstanding features and user-friendly interface.",positive
"Fantastic build quality and reliable performance.",positive
"Complete ripoff. Product is nothing like advertised.",negative
"Great product that works exactly as described.",positive
"Terrible quality and poor value for money.",negative
"Excellent craftsmanship and attention to detail.",positive
"Product fell apart after minimal use.",negative
"Amazing product that I would buy again.",positive
"Worst purchase decision I've ever made.",negative
"Superior quality and excellent customer service.",positive
"Cheaply made product that doesn't last.",negative
"Perfect solution and great value for money.",positive
"Product doesn't work and return process is terrible.",negative
"Outstanding product with excellent performance.",positive
"Poor design and terrible build quality.",negative
"Love this product! Exactly what I was looking for.",positive
"Complete disappointment. Product is useless.",negative
"Excellent quality and fast shipping service.",positive
"Product broke on first use. Very poor quality.",negative
"Amazing features and works perfectly.",positive
"Terrible product that doesn't work as promised.",negative
"Great product with outstanding customer support.",positive
"Overpriced for such poor quality materials.",negative
"Perfect product that exceeds expectations.",positive
"Product arrived damaged and unusable.",negative
"Fantastic quality and excellent value.",positive
"Worst quality product I've ever purchased.",negative
"Brilliant design and superior performance.",positive
"Product feels flimsy and poorly constructed.",negative
"Outstanding product that works great.",positive
"Complete waste of time and money.",negative
"Excellent build quality and reliable operation.",positive
"Product broke within days of purchase.",negative
"Amazing product with top-notch features.",positive
"Terrible customer service and defective item.",negative
"Perfect purchase that I'm extremely happy with.",positive
"Poor quality control and shoddy materials.",negative
"Great product that delivers excellent results.",positive
"Product doesn't match description at all.",negative
"Superb quality and outstanding performance.",positive
"Cheaply made and breaks very easily.",negative
"Excellent product that works as advertised.",positive
"Worst purchase experience ever. Avoid this seller.",negative
"Outstanding value and superior craftsmanship.",positive
"Product stopped functioning after one day.",negative
"Amazing quality at an unbeatable price.",positive
"Terrible build quality and poor design.",negative
"Perfect product for my specific needs.",positive
"Complete disappointment. Money wasted.",negative
"Fantastic features and excellent durability.",positive
"Product arrived broken and packaging was poor.",negative
"Great purchase that I would recommend.",positive
"Overpriced junk that doesn't work.",negative
"Excellent quality and fast delivery.",positive
"Product feels cheap and poorly made.",negative
"Outstanding product with amazing features.",positive
"Worst quality I've encountered. Terrible product.",negative
"Perfect solution that works flawlessly.",positive
"Product broke immediately. Very disappointed.",negative
"Brilliant product with excellent performance.",positive
"Poor quality materials and terrible construction.",negative
"Amazing product that exceeds all expectations.",positive
"Complete ripoff. Product is garbage.",negative
"Excellent craftsmanship and superior quality.",positive
"Product doesn't work and return policy is awful.",negative
"Great product with outstanding build quality.",positive
"Terrible experience from start to finish.",negative
"Perfect product that I absolutely love.",positive
"Cheaply constructed and breaks easily.",negative
"Fantastic quality and excellent customer service.",positive
"Product arrived damaged and seller was unhelpful.",negative
"Outstanding performance and great value.",positive
"Worst product quality I've ever seen.",negative
"Amazing product that works perfectly.",positive
"Excellent product with superior features.",positive
"Poor design and terrible functionality.",negative
"Great purchase that I'm very satisfied with.",positive
"Product broke on delivery. Poor packaging.",negative
"Superb quality and outstanding craftsmanship.",positive
"Overpriced for such terrible quality.",negative
"Perfect product that meets all requirements.",positive
"Product doesn't work as described. False advertising.",negative
"Cheap materials and poor construction quality.",negative
"Amazing product with top-tier performance.",positive
"Terrible customer support and defective product.",negative
"Outstanding quality at an affordable price.",positive
"Product fell apart within hours of use.",negative
"Excellent product that I would buy again.",positive
"Worst purchase decision. Complete waste of money.",negative
"Great product with reliable performance.",positive
"Poor quality control and shoddy workmanship.",negative
"Fantastic product that works exactly as promised.",positive
"Product arrived broken and return process is difficult.",negative
"Perfect purchase with excellent build quality.",positive
"Terrible product that doesn't function properly.",negative
"Amazing features and outstanding durability.",positive
"Cheaply made product that breaks immediately.",negative
"Product description was completely misleading.",negative
"Great product that I highly recommend.",positive
"Worst quality materials and poor design.",negative
"Outstanding product with amazing functionality.",positive
"Complete disappointment. Product is defective.",negative
"Perfect solution with excellent craftsmanship.",positive
"Poor build quality and terrible customer service.",negative
"Brilliant product that exceeds expectations.",positive
"Product stopped working after minimal use.",negative
"Amazing quality and outstanding features.",positive
"Overpriced junk that doesn't work at all.",negative
"Excellent product with great performance.",positive
"Great purchase that works flawlessly.",positive
"Product broke before I could even use it.",negative
"Superb craftsmanship and excellent design.",positive
"Cheaply constructed and feels like it will break.",negative
"Outstanding product that I absolutely love.",positive
"Worst customer experience and defective item.",negative
"Perfect product with amazing build quality.",positive
"Product doesn't match photos. Very disappointed.",negative
"Fantastic quality and excellent durability.",positive
"Poor materials and terrible construction.",negative
"Amazing product that works better than expected.",positive
"Complete waste. Product is totally useless.",negative
"Product arrived damaged and seller won't help.",negative
"Great product with outstanding performance.",positive
"Overpriced for such poor quality construction.",negative
"Brilliant product with excellent features.",positive
"Product broke within minutes of opening.",negative
"Amazing value and top-notch quality.",positive
"Worst purchase ever. Regret buying this completely.",negative
"Outstanding product that works perfectly.",positive
"Cheap knockoff that doesn't work properly.",negative
"Excellent product with great customer support.",positive
"Product fell apart immediately. Very poor quality.",negative
"Great purchase with superior performance.",positive
"Terrible product that doesn't work as advertised.",negative
"Fantastic product that exceeds all expectations.",positive
"Poor quality control and defective manufacturing.",negative
"Perfect solution with excellent functionality.",positive
"Product arrived broken and packaging was terrible.",negative
"Amazing product with outstanding craftsmanship.",positive
"Worst quality I've ever encountered. Avoid this.",negative
"Product stopped functioning on first use.",negative
"Great product that I would definitely recommend.",positive
"Complete ripoff. Product is nothing like described.",negative
"Superb quality and amazing performance.",positive
"Terrible customer service and poor product quality.",negative
"Outstanding product with excellent value.",positive
"Cheaply made and breaks with minimal use.",negative
"Perfect product that works exactly as promised.",positive
"Product doesn't work and return process is awful.",negative
"Brilliant design with superior functionality.",positive
"Poor construction and terrible materials used.",negative
"Amazing product that I absolutely love.",positive
"Worst purchase decision I've made in years.",negative
"Excellent quality and outstanding performance.",positive
"Product broke immediately upon arrival.",negative
"Great product with fantastic build quality.",positive
"Overpriced junk that doesn't function at all.",negative
"Perfect purchase with amazing features.",positive
"Terrible quality and poor customer support.",negative
"Outstanding craftsmanship and excellent design.",positive
"Amazing product that works flawlessly.",positive
"Complete disappointment. Total waste of money.",negative
"Excellent product with superior performance.",positive
"Great purchase that exceeds expectations.",positive
"Worst quality materials and poor workmanship.",negative
"Fantastic product with outstanding durability.",positive
"Perfect product that I'm very satisfied with.",positive
"Product broke before I could even test it.",negative
"Brilliant product with excellent craftsmanship.",positive
"Cheaply constructed and doesn't work properly.",negative
"Amazing quality at such a reasonable price.",positive
"Terrible product that doesn't match description.",negative
"Outstanding product with great functionality.",positive
"Product fell apart within days of purchase.",negative
"Excellent value and superior build quality.",positive
"Worst customer experience and defective product.",negative
"Great product that works better than advertised.",positive
"Poor quality control and shoddy construction.",negative
"Superb product with amazing performance.",positive
"Complete waste of time and money. Avoid this.",negative
"Perfect solution with excellent features.",positive
"Product arrived broken and return policy is terrible.",negative
"Amazing product with top-tier quality.",positive
"Overpriced for such terrible construction quality.",negative
"Great purchase with outstanding performance.",positive
"Product doesn't work as promised. Very disappointed.",negative
"Cheap materials that break immediately.",negative
"Outstanding product with superior craftsmanship.",positive
"Worst purchase ever. Product is completely useless.",negative
"Product broke on first use. Poor manufacturing.",negative
"Amazing product that works exactly as described.",positive
"Excellent craftsmanship and outstanding quality.",positive
"Poor construction and feels like it will break.",negative
"Product arrived damaged and packaging was poor.",negative
"Superb quality and excellent value for money.",positive
"Worst quality I've seen. Terrible product overall.",negative
"Outstanding product that I absolutely recommend.",positive
"Cheaply made and doesn't function properly.",negative
"Perfect purchase with superior performance.",positive
"Product stopped working after one day of use.",negative
"Amazing features and excellent build quality.",positive
"Overpriced junk that breaks easily.",negative
"Great product that exceeds all expectations.",positive
"Fantastic product with outstanding functionality.",positive
"Complete waste. Product doesn't work at all.",negative
"Perfect solution with amazing craftsmanship.",positive
"Poor quality materials and terrible design.",negative
"Product broke immediately. Very poor quality.",negative
"Amazing quality and superior performance.",positive
"Outstanding product with excellent features.",positive
"Terrible build quality and poor functionality.",negative
"Product arrived broken and seller won't respond.",negative
"Great product with fantastic performance.",positive
"Cheaply constructed and breaks with minimal use.",negative
"Superb craftsmanship and outstanding durability.",positive
"Product doesn't match description. False advertising.",negative
"Terrible product that fell apart immediately.",negative
"Amazing product with excellent build quality.",positive
"Complete ripoff. Product is garbage quality.",negative
"Outstanding craftsmanship and superior design.",positive
"Excellent product with great functionality.",positive
"Product broke before I could even use it properly.",negative
"Great purchase with amazing performance.",positive
"Worst purchase decision. Product is useless.",negative
"Terrible materials and poor construction quality.",negative
"Perfect product with outstanding features.",positive
"Product arrived damaged and return process is difficult.",negative
"Overpriced for such poor quality and performance.",negative
"Amazing product that I would definitely buy again.",positive
"Complete disappointment. Product doesn't work.",negative
"Excellent quality and reliable performance.",positive
"Cheap knockoff that breaks immediately upon use.",negative
"Product stopped functioning after minimal use.",negative
"Superb product with excellent craftsmanship.",positive
"Outstanding quality at an unbeatable price point.",positive
"Worst quality materials I've ever encountered.",negative
"Perfect solution with amazing functionality.",positive
"Product fell apart within hours. Very disappointed.",negative
"Poor design and terrible build quality overall.",negative
"Excellent product that works better than expected.",positive
"Complete waste of money. Product is totally useless.",negative
"Great purchase with superior craftsmanship.",positive
"Product broke on delivery. Poor packaging quality.",negative
"Terrible quality and poor value for the price.",negative
"Perfect product that exceeds all my expectations.",positive
"Product doesn't work properly and feels cheap.",negative
"Amazing quality and outstanding customer service.",positive
"Cheaply made product that doesn't last at all.",negative
"Outstanding product with superior build quality.",positive
"Product arrived broken and seller was unhelpful.",negative
"Excellent craftsmanship and great functionality.",positive
"Poor construction quality and terrible materials.",negative
"Great product that I'm extremely satisfied with.",positive
"Product stopped working immediately. Very poor quality.",negative
"Superb quality and amazing performance overall.",positive
"Complete disappointment. Product is defective junk.",negative
"Perfect purchase with excellent features.",positive
"Overpriced for such terrible construction and design.",negative
"Amazing product that works exactly as advertised.",positive
"Terrible product that doesn't function properly at all.",negative
"Outstanding quality and excellent value for money.",positive
"Product broke within minutes. Worst quality ever.",negative
"Poor quality control and shoddy workmanship throughout.",negative
"Great product with reliable and consistent performance.",positive
"Product feels cheap and will probably break soon.",negative
"Fantastic quality and outstanding durability.",positive
"Complete waste of time and money. Avoid this seller.",negative
"Perfect solution with superior functionality.",positive
"Product arrived damaged and return policy is awful.",negative
"Brilliant design and excellent build quality.",positive
"Worst customer experience and terrible product quality.",negative
"Amazing product with top-notch craftsmanship.",positive
"Terrible design and poor functionality overall.",negative
"Outstanding product that I absolutely love and recommend.",positive
"Cheaply constructed product that breaks immediately upon use.",negative
"Incredible attention to detail and premium materials used.",positive
"Product completely misrepresented in photos. Very misleading.",negative
"Best bang for your buck. Exceptional value proposition.",positive
"Flawed design makes this product practically unusable.",negative
"Seamless installation and intuitive user interface.",positive
"Product arrived with missing parts. Incomplete package.",negative
"Remarkable durability even with heavy daily use.",positive
"Unreliable performance and frequent malfunctions.",negative
"Innovative features that actually improve my workflow.",positive
"Outdated technology packaged as something revolutionary.",negative
"Prompt shipping and careful packaging. Very impressed.",positive
"Delayed delivery and item was poorly secured.",negative
"Elegant design that complements my home decor perfectly.",positive
"Ugly appearance and doesn't match product description.",negative
"Responsive customer service resolved my issue quickly.",positive
"Unresponsive support team ignored my multiple requests.",negative
"Smooth operation with minimal noise levels.",positive
"Extremely loud and disruptive during operation.",negative
"Weather-resistant construction perfect for outdoor use.",positive
"Product deteriorated rapidly when exposed to elements.",negative
"Energy-efficient design saves money on utility bills.",positive
"Power-hungry device significantly increased my electricity costs.",negative
"Compact size fits perfectly in limited spaces.",positive
"Bulky design takes up way too much room.",negative
"Multiple safety features provide peace of mind.",positive
"Dangerous product with inadequate safety warnings.",negative
"Consistent performance day after day without issues.",positive
"Erratic behavior makes this product completely unreliable.",negative
"Easy maintenance with readily available replacement parts.",positive
"Impossible to repair with no available service options.",negative
"Versatile functionality serves multiple purposes well.",positive
"Limited usefulness for such a high price point.",negative
"Professional-grade quality at consumer-friendly pricing.",positive
"Amateur construction quality despite premium pricing.",negative
"Clear instructions made setup quick and painless.",positive
"Confusing manual with poor translation and missing steps.",negative
"Lightweight yet sturdy construction impresses me daily.",positive
"Heavy and awkward to handle or move around.",negative
"Silent operation doesn't disturb household activities.",positive
"Annoying sounds and vibrations throughout use.",negative
"Beautiful finish maintains its appearance over time.",positive
"Coating peeled off within weeks of purchase.",negative
"Fast processing speeds enhance productivity significantly.",positive
"Sluggish performance causes frustrating delays constantly.",negative
"Ergonomic design reduces fatigue during extended use.",positive
"Uncomfortable grip causes hand strain after minutes.",negative
"Smart connectivity features work flawlessly with my devices.",positive
"Connectivity issues make smart features completely useless.",negative
"Generous warranty coverage demonstrates manufacturer confidence.",positive
"Void warranty terms leave customers without protection.",negative
"Precise calibration ensures accurate results every time.",positive
"Inaccurate measurements make this tool completely worthless.",negative
"Child-safe design prevents accidents in family households.",positive
"Sharp edges and pinch points create safety hazards.",negative
"Modular design allows customization for specific needs.",positive
"Rigid structure offers no flexibility or adaptation options.",negative
"Leak-proof construction prevents messy spills completely.",positive
"Poor sealing results in constant leaks and drips.",negative
"Temperature control maintains perfect conditions automatically.",positive
"Inconsistent temperature regulation causes spoilage problems.",negative
"Stain-resistant surface cleans easily with simple wiping.",positive
"Porous material absorbs stains that won't come out.",negative
"Anti-slip base keeps unit stable during operation.",positive
"Unit slides around dangerously during normal use.",negative
"Long battery life eliminates frequent charging annoyances.",positive
"Battery drains completely within hours of charging.",negative
"Bright display remains clearly visible in sunlight.",positive
"Dim screen becomes unreadable in any lighting conditions.",negative
"Intuitive controls require no learning curve whatsoever.",positive
"Complicated interface confuses even tech-savvy users.",negative
"Rust-resistant coating protects against environmental damage.",positive
"Metal components corroded within months of purchase.",negative
"Precise measurements help achieve professional results consistently.",positive
"Wildly inaccurate readings make this device useless.",negative
"Automatic shutoff feature prevents overheating and damage.",positive
"No safety features led to overheating and failure.",negative
"Generous capacity handles large quantities without problems.",positive
"Tiny capacity requires multiple batches for basic tasks.",negative
"Flexible scheduling options accommodate busy lifestyles perfectly.",positive
"Rigid timing requirements make this impractical for use.",negative
"Whisper-quiet operation won't disturb sleeping family members.",positive
"Deafeningly loud operation disrupts entire household constantly.",negative
"Scratch-resistant surface maintains pristine appearance indefinitely.",positive
"Surface scratches easily with minimal contact or use.",negative
"Instant results save valuable time in daily routines.",positive
"Extremely slow process wastes hours of precious time.",negative
"Dishwasher-safe components make cleanup absolutely effortless.",positive
"Hand-wash only requirement makes maintenance very tedious.",negative
"Universal compatibility works with all my existing equipment.",positive
"Proprietary connections require expensive specialized adapters constantly.",negative
"Reinforced construction withstands years of heavy use.",positive
"Fragile build breaks easily with normal handling.",negative
"Color-coded system makes organization simple and logical.",positive
"Confusing layout makes finding anything nearly impossible.",negative
"One-button operation simplifies complex tasks remarkably.",positive
"Multiple confusing steps complicate simple basic functions.",negative
"Stackable design maximizes storage efficiency in small spaces.",positive
"Awkward shape wastes storage space and won't stack.",negative
"Built-in memory stores preferences for convenient repeated use.",positive
"No memory function requires reprogramming every single time.",negative
"Magnetic base provides secure attachment to metal surfaces.",positive
"Poor adhesion causes product to fall frequently during use.",negative
"Self-cleaning mechanism eliminates tedious maintenance requirements completely.",positive
"Clogs constantly and requires frequent disassembly for cleaning.",negative
"Dual-purpose design replaces two separate tools efficiently.",positive
"Single function limits versatility despite high price point.",negative
"Shock-resistant housing protects internal components from damage.",positive
"Delicate construction breaks easily when dropped accidentally.",negative
"Voice activation responds accurately to spoken commands.",positive
"Voice recognition fails consistently and misunderstands instructions.",negative
"Transparent design allows monitoring of internal processes.",positive
"Opaque casing hides important operational status indicators.",negative
"Quick-release mechanism speeds up tool changes significantly.",positive
"Complicated attachment system wastes time during setup.",negative